<?xml version="1.0"?>
<Schema name="sales">
<!--
  == This software is subject to the terms of the Eclipse Public License v1.0
  == Agreement, available at the following URL:
  == http://www.eclipse.org/legal/epl-v10.html.
  == You must accept the terms of that agreement to use this software.
  ==
  == Copyright (C) 2000-2005 Julian Hyde
  == Copyright (C) 2005-2011 Pentaho and others
  == All Rights Reserved.
  -->

<!-- Shared dimensions -->

  

<!-- Sales -->
<Cube name="Sales" defaultMeasure="SalesAmount">
  <!-- Use annotations to provide translations of this cube's caption and
       description into German and French. Use of annotations in this manner is
       experimental and unsupported; just for testing right now. -->
  
  <Table name="factsales"/>

    
  <Dimension name="Territory" foreignKey ="TerritoryID">
      <Hierarchy hasAll="true" allMemberName="All Stores" primaryKey ="TerritoryID">
      <Table name="dime_salesterritory"/>
      <Level name="Territory" column="TerritoryName"/>
      </Hierarchy>
      
  </Dimension>

 
  <Dimension name="Time" foreignKey="TimeID">
    <Hierarchy hasAll="true" allMemberName="All Times" primaryKey="TimeID">
      <Table name="dime_time" />
      <Level name="Year" column="tahun" type="Numeric" uniqueMembers="true"
          levelType="TimeYears"/>
      <Level name="Month" column="bulan" uniqueMembers="false" type="Numeric"
          levelType="TimeMonths"/>
      <Level name="Date" column="tanggal" uniqueMembers="false" type="Numeric"
          levelType="TimeDays"/>
    </Hierarchy>
   
  </Dimension>

  <Dimension name="Product" foreignKey = "ProductID">
    <Hierarchy hasAll="true" allMemberName="All Product" primaryKey ="ProductID">
      <Table name="dime_product" />
      <Level name="ProductCategory" column="ProductCategory"/>
      <Level name="ProductName" column="ProductName" />
    </Hierarchy>
  </Dimension>

  <Dimension name="Customer" foreignKey="CustomerID">
    <Hierarchy  hasAll  ="true" allMemberName="All Customers" primaryKey  = "CustomerID">
        <Table name="dime_customer"/>
        <Level name="CustomerName" column="CustomerName"/>
    </Hierarchy>
  </Dimension>

    <Dimension name="Employee" foreignKey="EmployeeID">
    <Hierarchy  hasAll  ="true" allMemberName="All Employee" primaryKey  = "EmployeeID">
        <Table name="dime_employee"/>
        <Level name="EmployeeName" column="EmployeeName"/>
    </Hierarchy>
  </Dimension>
    
  <Measure name="SalesAmount" column="SalesAmount" aggregator="sum"
      formatString="Standard"/>
  <!-- <Measure name="Lama Pinjam" column="lamapinjam" aggregator="avg"
      formatString="Standard"/> -->
  
  <Measure name="Sales Count" column="ProductID" aggregator="count"
      formatString="#,###"/>
  <Measure name="Customer Count" column="CustomerID"
      aggregator="distinct-count" formatString="#,###"/>
  
  
  
</Cube>



</Schema>
